{"RL-196.jpg": [[219, 98, 225, 104, 0.5410424983681652], [233, 406, 239, 412, 0.5396463420507841], [186, 270, 192, 276, 0.5371595935332274], [269, 463, 275, 469, 0.5351733843149837]], "RL-151.jpg": [[156, 416, 169, 429, 0.535585341293688], [26, 136, 39, 149, 0.5306368964112068], [85, 384, 91, 390, 0.5269920201069643], [198, 604, 204, 610, 0.5264890408088945]], "RL-271.jpg": [[251, 236, 257, 242, 0.5514991404805745], [254, 432, 260, 438, 0.5488249742557283], [207, 346, 213, 352, 0.548146293915227], [146, 121, 159, 134, 0.5221456563243776]], "RL-113.jpg": [[331, 254, 337, 260, 0.5391007756600054], [332, 473, 338, 479, 0.5377000046466094], [317, 429, 330, 442, 0.5359511783032705], [291, 391, 297, 397, 0.5349236331913794]], "RL-092.jpg": [[194, 372, 200, 378, 0.5462748002122593], [188, 213, 194, 219, 0.5455550595189478], [154, 305, 160, 311, 0.542686833061604], [258, 426, 264, 432, 0.5365263590784162]], "RL-329.jpg": [[295, 231, 308, 244, 0.5438316208869609], [284, 363, 290, 369, 0.5386382315091985], [240, 70, 253, 83, 0.5374960111432895], [220, 137, 226, 143, 0.5372339599248874]], "RL-157.jpg": [[336, 426, 342, 432, 0.5402565843489869], [328, 207, 334, 213, 0.540145383500688], [292, 348, 298, 354, 0.5392405240246947], [309, 394, 322, 407, 0.5363437704218973]], "RL-119.jpg": [[159, 475, 165, 481, 0.5352954725232048], [198, 161, 211, 174, 0.5334643581727764], [200, 388, 213, 401, 0.5320523552348202], [247, 505, 253, 511, 0.53196689245138]], "RL-056.jpg": [[231, 569, 237, 575, 0.5379127633227766], [246, 325, 252, 331, 0.5344069818617513], [236, 229, 249, 242, 0.5313164121530911], [232, 151, 245, 164, 0.5290953212030799]], "RL-223.jpg": [[289, 286, 295, 292, 0.5374679843795851], [297, 356, 303, 362, 0.5344489480640463], [180, 591, 193, 604, 0.5318272710753164], [154, 548, 160, 554, 0.5290752921644611]], "RL-180.jpg": [[242, 560, 260, 578, 0.5336322551876291], [249, 537, 262, 550, 0.530819401081884], [235, 616, 241, 622, 0.5303167321886462], [247, 140, 253, 146, 0.5263877281501721]], "RL-194.jpg": [[235, 372, 241, 378, 0.5408992649530356], [195, 307, 201, 313, 0.5377317192369706], [28, 2, 41, 15, 0.5332569432627395], [270, 257, 288, 275, 0.5298804280769107]], "RL-150.jpg": [[122, 536, 135, 549, 0.5333150810605858], [170, 586, 176, 592, 0.5299101588503464], [187, 400, 200, 413, 0.5298035986025845], [216, 402, 222, 408, 0.5281841031884233]], "RL-197.jpg": [[253, 480, 259, 486, 0.5334237414718893], [265, 183, 271, 189, 0.5277878487544043], [246, 92, 264, 110, 0.5276227960834208], [115, 198, 121, 204, 0.5265374575978518]], "RL-263.jpg": [[190, 613, 196, 619, 0.5208128539354653], [247, 184, 253, 190, 0.5190468056987915], [246, 437, 252, 443, 0.5168939510864258], [241, 410, 247, 416, 0.515933825319746]], "RL-167.jpg": [[224, 521, 237, 534, 0.5603325397332986], [231, 177, 244, 190, 0.5559396298304069], [329, 180, 335, 186, 0.5504366018435226], [195, 289, 208, 302, 0.5493875863582824]], "RL-081.jpg": [[116, 538, 122, 544, 0.5193802152739004], [107, 580, 113, 586, 0.5176348066633789], [196, 421, 202, 427, 0.5176000726542639], [118, 484, 124, 490, 0.5170161333908669]], "RL-022.jpg": [[231, 306, 244, 319, 0.5368576243056027], [281, 244, 287, 250, 0.5366769962491333], [233, 413, 239, 419, 0.5360858588688171], [282, 199, 288, 205, 0.5353460659010612]], "RL-201.jpg": [[284, 622, 290, 628, 0.5339468945116582], [244, 217, 250, 223, 0.5312339902669228], [296, 597, 309, 610, 0.5310572494101823], [246, 258, 252, 264, 0.5309193943548863]], "RL-149.jpg": [[186, 313, 192, 319, 0.5501774393343455], [225, 380, 231, 386, 0.54933244004114], [226, 219, 232, 225, 0.5457738456323074], [251, 360, 257, 366, 0.5287106685592325]], "RL-239.jpg": [[281, 228, 287, 234, 0.536917403139549], [265, 604, 271, 610, 0.5312943673495184], [270, 479, 276, 485, 0.5275958949391982], [273, 188, 291, 206, 0.5236800129372917]], "RL-137.jpg": [[284, 22, 291, 29, 0.5345598357313771], [245, 401, 263, 419, 0.5344351529977255], [260, 231, 266, 237, 0.5343860029894206], [204, 193, 210, 199, 0.534362774111886]], "RL-161.jpg": [[169, 245, 182, 258, 0.5400676267395802], [215, 248, 228, 261, 0.5393315339161525], [150, 216, 163, 229, 0.5377810182113877], [243, 246, 256, 259, 0.5354663645086922]], "RL-158.jpg": [[173, 352, 179, 358, 0.5450677286480684], [210, 213, 216, 219, 0.5408821291465812], [216, 429, 222, 435, 0.5408530526494871], [202, 389, 215, 402, 0.5359857110720763]], "RL-072.jpg": [[108, 430, 121, 443, 0.5372122377832738], [74, 579, 87, 592, 0.53024134499404], [261, 245, 274, 258, 0.5295873708864809], [95, 302, 108, 315, 0.5292836597416551]], "RL-324.jpg": [[253, 129, 259, 135, 0.5359721984698199], [327, 35, 333, 41, 0.5346641974904972], [295, 351, 301, 357, 0.5329941018025776], [292, 138, 298, 144, 0.5321929692902939]], "RL-083.jpg": [[229, 24, 247, 42, 0.5288800810351669], [280, 98, 286, 104, 0.5270947161808635], [237, 233, 243, 239, 0.5247075286539409], [119, 564, 125, 570, 0.5242220945369905]], "RL-266.jpg": [[276, 412, 282, 418, 0.5354536871478627], [219, 324, 225, 330, 0.5326491635753575], [291, 41, 297, 47, 0.5273507878538374], [330, 165, 336, 171, 0.5225102630099205]], "RL-143.jpg": [[167, 550, 180, 563, 0.5403656156946078], [309, 275, 322, 288, 0.5381948283678255], [172, 581, 178, 587, 0.533758660969322], [310, 159, 317, 166, 0.5335401927047928]], "RL-212.jpg": [[205, 388, 211, 394, 0.5385368213228011], [175, 334, 181, 340, 0.5371168621941403], [203, 237, 209, 243, 0.5359692925878303], [189, 359, 202, 372, 0.5312295229547644]], "RL-135.jpg": [[305, 31, 311, 37, 0.535537237152117], [270, 406, 288, 424, 0.5327275154726718], [282, 235, 288, 241, 0.5325656159168399], [226, 198, 232, 204, 0.5292442112402759]], "RL-049.jpg": [[197, 160, 210, 173, 0.5655182262002195], [195, 406, 208, 419, 0.560877392937924], [146, 303, 159, 316, 0.558643937622847], [261, 554, 274, 567, 0.5426551897565604]], "RL-063.jpg": [[297, 532, 303, 538, 0.537529020028747], [315, 48, 321, 54, 0.5362486407136563], [348, 608, 366, 626, 0.5293689574411696], [225, 321, 231, 327, 0.5293070448053602]], "RL-122.jpg": [[217, 202, 235, 220, 0.5407407149413409], [213, 435, 219, 441, 0.5384748879852064], [189, 181, 195, 187, 0.5380421808013851], [213, 474, 219, 480, 0.5362449281847981]], "RL-233.jpg": [[211, 205, 224, 218, 0.5301089052842197], [209, 233, 222, 246, 0.5260806690840224], [256, 468, 269, 481, 0.5260620417921732], [212, 174, 225, 187, 0.5250309017022283]], "RL-080.jpg": [[202, 337, 220, 355, 0.5215547496585006], [143, 391, 161, 409, 0.5188313060935853], [131, 326, 137, 332, 0.5159744441070304], [144, 350, 150, 356, 0.5138180268642196]], "RL-132.jpg": [[265, 178, 271, 184, 0.5321525580103268], [234, 614, 240, 620, 0.5311627882859664], [269, 286, 282, 299, 0.528971167855198], [255, 28, 261, 34, 0.5278702649242027]], "RL-066.jpg": [[198, 0, 211, 13, 0.539746183518935], [248, 315, 254, 321, 0.5355761559112588], [270, 610, 283, 623, 0.5319076643342154], [239, 420, 245, 426, 0.5300916202153619]], "RL-115.jpg": [[247, 342, 253, 348, 0.5492735477879893], [284, 241, 290, 247, 0.5452734401963489], [282, 416, 288, 422, 0.5441957729631435], [197, 49, 203, 55, 0.5297894157703177]], "RL-332.jpg": [[268, 393, 274, 399, 0.548561916974862], [270, 79, 276, 85, 0.542516242411352], [225, 311, 231, 317, 0.5387640865489554], [223, 255, 229, 261, 0.53730772079212]], "RL-334.jpg": [[269, 394, 282, 407, 0.5653385080967895], [248, 93, 266, 111, 0.55888357199083], [218, 309, 236, 327, 0.556874936607078], [285, 85, 298, 98, 0.5560322651353727]], "RL-034.jpg": [[219, 322, 225, 328, 0.5401784698154429], [310, 211, 316, 217, 0.5341195843564872], [315, 244, 328, 257, 0.5295181340422201], [268, 405, 274, 411, 0.5291293198721305]], "RL-126.jpg": [[183, 83, 196, 96, 0.5376382905515874], [144, 87, 162, 105, 0.5356258889712117], [156, 18, 162, 24, 0.5355980362222618], [115, 97, 133, 115, 0.535042842468905]],