{"RL-056.jpg": [[231, 569, 237, 575, 0.5379127633227766], [246, 326, 252, 332, 0.5331049193417348], [236, 246, 242, 252, 0.5296371812417093], [230, 439, 236, 445, 0.5279386062481735]], "RL-137.jpg": [[260, 231, 266, 237, 0.5343860029894206], [204, 193, 210, 199, 0.534362774111886], [285, 29, 291, 35, 0.5342218536225353], [169, 334, 175, 340, 0.5336923947361182]], "RL-021.jpg": [[267, 253, 273, 259, 0.5433848791843776], [80, 438, 86, 444, 0.5401089498313858], [204, 339, 210, 345, 0.5351996710260202], [275, 448, 281, 454, 0.5344245307019424]], "RL-332.jpg": [[268, 393, 274, 399, 0.548561916974862], [270, 79, 276, 85, 0.542516242411352], [225, 311, 231, 317, 0.5387640865489554], [223, 255, 229, 261, 0.53730772079212]], "RL-115.jpg": [[247, 342, 253, 348, 0.5492735477879893], [284, 241, 290, 247, 0.5452734401963489], [282, 416, 288, 422, 0.5441957729631435], [209, 106, 215, 112, 0.5271015442373039]], "RL-204.jpg": [[256, 247, 262, 253, 0.5369549903784785], [251, 101, 257, 107, 0.5354775770515614], [287, 135, 293, 141, 0.5343827428824719], [178, 338, 184, 344, 0.5333152147761026]], "RL-149.jpg": [[186, 313, 192, 319, 0.5501774393343455], [225, 380, 231, 386, 0.54933244004114], [226, 219, 232, 225, 0.5457738456323074], [251, 360, 257, 366, 0.5287106685592325]], "RL-194.jpg": [[235, 372, 241, 378, 0.5392306916646313], [195, 308, 201, 314, 0.535676626046428], [293, 1, 299, 7, 0.5257491448545668], [273, 262, 279, 268, 0.5243451150776469]], "RL-239.jpg": [[281, 228, 287, 234, 0.536917403139549], [265, 604, 271, 610, 0.5312943673495184], [269, 479, 275, 485, 0.5263891978423971], [278, 172, 284, 178, 0.5225075160224016]], "RL-233.jpg": [[207, 192, 213, 198, 0.5253288711599466], [245, 313, 251, 319, 0.5233503850242495], [252, 471, 258, 477, 0.5204504768315498], [264, 396, 270, 402, 0.5185091150083897]], "RL-158.jpg": [[173, 352, 179, 358, 0.5450677286480684], [210, 213, 216, 219, 0.5408821291465812], [216, 429, 222, 435, 0.5408530526494871], [69, 433, 75, 439, 0.5324647180828056]], "RL-132.jpg": [[265, 178, 271, 184, 0.5321525580103268], [234, 614, 240, 620, 0.5311627882859664], [255, 28, 261, 34, 0.5278702649242027], [273, 608, 279, 614, 0.5264794471181417]], "RL-119.jpg": [[159, 475, 165, 481, 0.5352954725232048], [247, 505, 253, 511, 0.53196689245138], [217, 230, 223, 236, 0.5304575881707445], [201, 166, 207, 172, 0.5298214988432687]], "RL-072.jpg": [[110, 340, 116, 346, 0.5276131023807074], [49, 625, 55, 631, 0.5238599186761059], [73, 595, 79, 601, 0.5226205439218702], [261, 285, 267, 291, 0.5221209646657312]], "RL-151.jpg": [[85, 384, 91, 390, 0.5269920201069643], [198, 604, 204, 610, 0.5264890408088945], [147, 431, 153, 437, 0.5241547680674659], [156, 275, 162, 281, 0.5237630212294635]], "RL-266.jpg": [[276, 412, 282, 418, 0.5349036983045564], [219, 324, 225, 330, 0.5326491635753575], [291, 41, 297, 47, 0.5256743589915736], [330, 166, 336, 172, 0.5204663671948128]], "RL-150.jpg": [[170, 586, 176, 592, 0.5299101588503464], [184, 391, 190, 397, 0.529122709184373], [216, 402, 222, 408, 0.5281841031884233], [246, 406, 252, 412, 0.5277251723011376]], "RL-081.jpg": [[118, 513, 124, 519, 0.5180660755578881], [115, 540, 121, 546, 0.5173566498308557], [123, 480, 129, 486, 0.5164987386484371], [196, 422, 202, 428, 0.516248054427803]], "RL-126.jpg": [[156, 18, 162, 24, 0.5355980362222618], [211, 297, 217, 303, 0.5348651602948737], [186, 90, 192, 96, 0.5348105879615354], [114, 106, 120, 112, 0.5329996006112162]], "RL-196.jpg": [[219, 98, 225, 104, 0.5410424983681652], [233, 406, 239, 412, 0.5396463420507841], [186, 270, 192, 276, 0.5371595935332274], [190, 325, 196, 331, 0.5332790760187458]], "RL-223.jpg": [[289, 286, 295, 292, 0.5374679843795851], [297, 356, 303, 362, 0.5344489480640463], [175, 594, 181, 600, 0.5288710095540003], [226, 290, 232, 296, 0.5269657524025682]], "RL-080.jpg": [[204, 347, 210, 353, 0.5180216569363927], [131, 326, 137, 332, 0.5159744441070304], [149, 401, 155, 407, 0.5158663250268108], [144, 350, 150, 356, 0.5138180268642196]], "RL-113.jpg": [[331, 254, 337, 260, 0.5391007756600054], [332, 473, 338, 479, 0.5377000046466094], [290, 392, 296, 398, 0.533993183152003], [296, 438, 302, 444, 0.5328751539038499]], "RL-049.jpg": [[265, 572, 271, 578, 0.5403450410110116], [233, 407, 239, 413, 0.5344661084961774], [198, 166, 204, 172, 0.5308761948512488], [197, 412, 203, 418, 0.530404092084147]], "RL-212.jpg": [[205, 388, 211, 394, 0.5369236342789009], [203, 237, 209, 243, 0.5354349349809909], [175, 334, 181, 340, 0.5353181947578067], [171, 369, 177, 375, 0.5300369026343703]], "RL-295.jpg": [[247, 17, 253, 23, 0.5378626775140903], [308, 515, 314, 521, 0.5229401164958897], [279, 576, 285, 582, 0.5211200218004568], [299, 345, 305, 351, 0.5204974088180885]], "RL-140.jpg": [[276, 192, 282, 198, 0.5405922411398635], [282, 301, 288, 307, 0.5402354243043472], [192, 445, 198, 451, 0.5325688268606535], [238, 215, 244, 221, 0.5301502610072173]], "RL-143.jpg": [[313, 280, 319, 286, 0.5365268175955032], [171, 562, 177, 568, 0.5346963283006232], [311, 161, 317, 167, 0.5321427012135852], [194, 571, 200, 577, 0.5313797259558959]], "RL-091.jpg": [[180, 405, 186, 411, 0.5288706583472549], [111, 41, 117, 47, 0.5286668851525359], [102, 92, 108, 98, 0.5273007797981218], [217, 471, 223, 477, 0.5252805682105943]], "RL-326.jpg": [[250, 395, 256, 401, 0.552530822645565], [252, 166, 258, 172, 0.5522594654194443], [308, 266, 314, 272, 0.5338138558148469], [278, 350, 284, 356, 0.5302016781125809]], "RL-022.jpg": [[281, 244, 287, 250, 0.5366769962491333], [233, 413, 239, 419, 0.5360858588688171], [282, 199, 288, 205, 0.5353460659010612], [227, 440, 233, 446, 0.53363088611199]], "RL-334.jpg": [[267, 556, 273, 562, 0.5468037761185043], [296, 397, 302, 403, 0.5449218193975962], [287, 91, 293, 97, 0.5415780807727958], [274, 290, 280, 296, 0.5413383258808292]], "RL-135.jpg": [[305, 31, 311, 37, 0.535537237152117], [282, 235, 288, 241, 0.5325656159168399], [193, 340, 199, 346, 0.5284871655697444], [225, 198, 231, 204, 0.5283870484082057]], "RL-157.jpg": [[336, 426, 342, 432, 0.5402565843489869], [328, 207, 334, 213, 0.540145383500688], [292, 348, 298, 354, 0.5392405240246947], [300, 395, 306, 401, 0.5341617369714947]], "RL-034.jpg": [[219, 322, 225, 328, 0.5391325249777555], [310, 211, 316, 217, 0.5341195843564872], [268, 405, 274, 411, 0.5270810202623445], [296, 108, 302, 114, 0.5242058633001072]], "RL-030.jpg": [[327, 449, 333, 455, 0.5427701314178114], [346, 204, 352, 210, 0.5424917671498044], [347, 378, 353, 384, 0.5369248950527755], [315, 285, 321, 291, 0.5343408266450267]], "RL-321.jpg": [[327, 394, 333, 400, 0.5321420015698715], [203, 110, 209, 116, 0.5307646030086903], [29, 457, 35, 463, 0.5300854261834961], [191, 382, 197, 388, 0.5297333448860218]], "RL-083.jpg": [[280, 98, 286, 104, 0.5256979261453808], [237, 233, 243, 239, 0.5247075286539409], [119, 564, 125, 570, 0.5242220945369905], [239, 307, 245, 313, 0.5233238193729813]], "RL-092.jpg": [[194, 372, 200, 378, 0.5462748002122593], [188, 213, 194, 219, 0.5455550595189478], [154, 305, 160, 311, 0.542686833061604], [258, 426, 264, 432, 0.5365263590784162]], "RL-063.jpg": [[297, 532, 303, 538, 0.537529020028747], [315, 48, 321, 54, 0.5362486407136563], [225, 321, 231, 327, 0.5293070448053602], [339, 575, 345, 581, 0.5291433186820346]], "RL-271.jpg": [[251, 236, 257, 242, 0.5514991404805745], [254, 432, 260, 438, 0.5488249742557283], [207, 346, 213, 352, 0.548146293915227], [164, 210, 170, 216, 0.5203952496431252]], "RL-197.jpg": [[253, 480, 259, 486, 0.5315992189548633], [265, 183, 271, 189, 0.5277878487544043], [61, 196, 67, 202, 0.5264352973246095], [115, 198, 121, 204, 0.5254777361357891]], "RL-201.jpg": [[283, 622, 289, 628, 0.5335308838798065], [244, 217, 250, 223, 0.5312339902669228], [246, 258, 252, 264, 0.5309193943548863], [276, 186, 282, 192, 0.5275156479173095]],